{"username":"alcea","has_pass":true,"email":"hax0rxy@googlemail.com","created":"2023-01-25T12:31:35Z","status":0,"collections":[{"alias":"alcea","title":"alcea","description":"","style_sheet":"","public":false,"views":1,"url":"https://blog.fedi.tech/alcea/","total_posts":5,"posts":[{"id":"0eix2zs537","slug":"rss-feed-youtube-function","appearance":"norm","language":"en","rtl":false,"created":"2023-01-25T12:49:10Z","updated":"2023-01-25T13:27:55Z","title":"","body":"RSS Feed Youtube Function\n\nTurns out Youtube allows each channel their very atom/rss feed :)\n\nIf you want you can subscribe to this channel via RSS:\n\n\u003ca target=\"_blank\" href=\"https://www.youtube.com/feeds/videos.xml?channel_id=UCrltGih11A_Nayz6hG5XtIw\"\u003eRSS Feed\u003c/a\u003e\n\n- diarykeeper\n\n\n","tags":[],"views":1},{"id":"id02dk0mmm","slug":"creating-duplicate-work","appearance":"norm","language":"en","rtl":false,"created":"2023-01-25T12:47:38Z","updated":"2023-01-25T13:19:17Z","title":"","body":"Creating duplicate work\n\nSeems sometimes, when working on \"semi-released\" Soundtracks for shows that have not all themes released ( f.ex. \u003ca target=\"_blank\" href=\"https://www.youtube.com/playlist?list=PLK4C8g4vpj7Wb_ss7aKdb1WYk7mS5l5Fz\"\u003eVRAINS\u003c/a\u003e) one might mistakenly reconstruct a theme that alread exist.\n\nOr... recreate an ENTIRE soundtrack (\u003ca target=\"_blank\" href=\"https://m.youtube.com/watch?v=99K0Ql1ACRw\"\u003eclick\u003c/a\u003e), only for that one to magically surface months later on tumbler\n( \u003ca target=\"_blank\" href=\"https://m.youtube.com/playlist?list=PLB_N-GwquCBkhHQVgGrqnnC9omNdys4mh\"\u003eclick\u003c/a\u003e ).\n\nWhile it might seem annoying, it gives one insight into:\n* How good ones rip\\reconstruction was\n* What the tracks \"real name\" is (A question I actually get asked sometimes :p )\n* How the track has been arranged from parts (important question !)\n\nFascinating stuff !\n\n- diarykeeper\n\n#ostripdkpr","tags":["ostripdkpr"],"views":0},{"id":"se6agwqau9","slug":"channel-longevity-in-face-of-owner-absence","appearance":"norm","language":"en","rtl":false,"created":"2023-01-25T12:46:55Z","updated":"2023-01-25T13:20:59Z","title":"","body":"Channel longevity in face of owner absence\n\n\nWhile noone can predict the future of yt as platform,\none has to wonder how channels are handled if their owners are absent, right ?\n\nTechnically speaking yt has strict \u003ca target=\"_blank\" href=\"https://support.google.com/youtube/answer/2801981?hl=en\"\u003erules\u003c/a\u003e\n(Note the \"6 month\" condition atop)\n\nHowever as my old joke account (\u003ca target=\"_blank\" href=\"https://m.youtube.com/user/helloyousucker\"\u003eclick\u003c/a\u003e ) \n-for which I looong forgot mail \u0026 password that is pretty much as old as his one (2007)-  \nis still around,\nand I haven't logged in to it since who knows how long, I can hope that this channel here, aswell as \"repeekyraid cero\" will fare similarly.\n\nI personally believe YT might keep channels around as long as they keep people engaged, so lets hope that will be the case.\n\nI do mirror everything on Soundcloud (under \"ryedai1\" every so often) and mediafire (see channel FAQ) and did add a lil hint to my website for emergencies ( \u003ca target=\"_blank\" href=\"https://f.ls/diarykeeper\"\u003edkpr\u003c/a\u003e ) so I *know* things will be online even if half the internet were to go down,\nbut it would be reassuring to have this source here - that people are familiar with - stick around.\n\nI try extra hard to avoid claims, by utilizing mere thumnails (free use ?) or self drawn images with ffmpeg generated EQs atop.\nThe music itself should fall under \"rearrangement\" and be exempt of legal flaws.\n\n\nLets hope for the best:\n\n- diarykeeper\n\n#ostripdkpr\n\nPS:\nIt is kinda astounding that diarykeeper started as channel hosting \"Haruhi Suzumiya episodes\"...\nBut I'm glad this channel finally has a purpose.\n(They have obviously been long removed by me, to avoid complications)","tags":["ostripdkpr"],"views":0},{"id":"ct6mkjbu4e","slug":"requested-songs-and-requesting-songs","appearance":"norm","language":"en","rtl":false,"created":"2023-01-25T12:44:44Z","updated":"2023-01-25T13:25:03Z","title":"","body":"Requested songs and requestING songs\n\nSo far I've kept a list over here\n\u003ca target=\"_blank\" href=\"https://ry3yr.github.io/OSTR/All_Project_%28spoiler_button%29.html\"\u003eProjectOverview\u003c/a\u003e\n\nIf you want a song \"improved\" feel free to comment to its corresponding video on this channel.\nSame goes if you want one done that hasn't been done yet. ( an episode# would help !)\n\n\nHowever sometimes people want songs from shows that I have not worked on yet.\nIn that case I will need:\n•Episode XY where the song plays\n(preferably every episode it plays in)\n\n\nThe best case scenario is always when I can reconstruct a song STRAIGHT up from source material.\n•Every Living Being: \u003ca target=\"_blank\" href=\"https://m.youtube.com/watch?v=hfUfUqc-8JU\"\u003eclick\u003c/a\u003e\nand\n•Happy Theme 06: \u003ca target=\"_blank\" href=\"https://m.youtube.com/watch?v=zcgksGNE7YQ\"\u003eclick\u003c/a\u003e\nf.ex. were so serviceable, I consider em the best rips sofar\n\n\nOthers, such as \"Happy Theme 08 Guitar Slow (V3)\" required copious amounts of fixing.\nSomething to keep in mind.\n\nFor contacting me you can either:\n• Comment right here on the community tab\n• Comment on the latest video (or the one in question)\n• use twitter ( @Utsukushiotosuk \\ @ryedai1 (dormant))\n• use IG (if I have it active) ( @aoikurayami1 \\ @ryedai1 (dormant))\n• Mail: \u003ca target=\"_blank\" href=\"mailto:alceawisteria@proton.me\"\u003ealceawisteria@proton.me\u003c/a\u003e\n• Contactform: \u003ca target=\"_blank\" href=\"https://ry3yr.github.io/OSTR/Diarykeepers_Homepage/Contact.html\"\u003eclick\u003c/a\u003e\n• Comment page: \u003ca target=\"_blank\" href=\"https://ry3yr.github.io/OSTR/Diarykeepers_Homepage/Comments.html\"\u003eclick\u003c/a\u003e\n\n- diarykeeper\n\n#ostripdkpr\n\nPS:\nFor more answers, I wrote a \u003ca target=\"_blank\" href=\"https://pastebin.com/raw/m4aqGGe9\"\u003eFAQ\u003c/a\u003e some time ago.","tags":["ostripdkpr"],"views":0},{"id":"m5hgaeh74k","slug":"responsiveness-of-audio-files-to-vocal-isolation","appearance":"norm","language":"en","rtl":false,"created":"2023-01-25T12:44:09Z","updated":"2023-01-25T13:26:40Z","title":"","body":"Responsiveness of Audio files to Vocal isolation...\n\n\nAs of late it dawns upon me, that not every extraction model is suited for every song.\n\n(In the beginning, I utilized Spleeter, but that is barely relevant nowadays)\n\nThe \"goto\" suite imo is \"UVR5\" a.k.a. Ultimate Vocal Remover 5.\nhowever even that has it's demerits, as it will cause voice shadows in certain language dubs (german f.ex) or crackles in frequency overly heavy song sections.\n\nThere exist other methods, which are applicable depending on the each track.\nTo name a model with an example of where it worked well:\n\n* DemucsV3: \"Kaiba Mokuba Conv\" ( youtu.be/watch?v=BlYwpj1k7iI )\n =\u003e Was able to lift even german vocals away from the mixdown without harming the result\n       \"Reversal\" ( youtu.be/Gyyd1lSVLU0 )\n  =\u003e left the instruments unharmed where all other methods struggled (!)\n\n* DANNA Sept: \"KKJ Transformation 2\" \n=\u003e Could split the source track into many stems, allowing to reapply chanting in the beginning\n                          (Which UVR5 f.ex. would eradicate)\n\n* DNR: \"Sad Historie\" ( youtu.be/watch?v=UERPGzUwK-Q )  and \"Champion of Smiles\" ( youtu.be/watch?v=0GK4qyI58JM )\n =\u003e Excellent in removing Soundeffects post splice and even UVR5 usage.\n==\u003e Was able to remove \"Sad Historie's\" rain sfx and the keyboard typing in CoS almost perfectly\n\n* MDX-B: \"Consolation\" ( youtu.be/watch?v=DbF2pl9PkqQ )\n                   =\u003e Very rare, almost \"original quality\" display of vox removal (sfx remain for now)\n\nSo, as it seems, there is no \"magic bullet\" for getting rid of vocals before resplicing.\n(Some songs actually depnd on vox removal prior repiecing, as there is almost *nothing* to work with in the original state)\n\nI personally prefer to work with unaltered audio material, directly from the show in question, but in the end, sometimes one gotta do what one gotta do.\n\n- diarykeeper\n\n#ostripdkpr\n\nEdit:\n4.Oct.2022\nFor a ranking on models see:\npaperswithcode.com/sota/music-source-separation-on-musdb18 mvsep.com/quality_checker/leaderboard.php","tags":["ostripdkpr"],"views":0},{"id":"phbdq34vkj","slug":"if-it-aint-broken","appearance":"norm","language":"en","rtl":false,"created":"2023-01-25T12:36:18Z","updated":"2023-01-25T13:25:59Z","title":"","body":"If it ain't broken.. Don't try to fix it.\n\n\nNot sure why. But somehow later versions of tracks seem to get worse.\n(Here V3 of Jeannes \"slow guitar theme\" seems to work much better than V4... \u003ca target=\"_blank\" href=\"https://www.youtube.com/watch?v=GhhB4QM6a-Q\"\u003eclick\u003c/a\u003e )\n\n\u003ctech-blabla\u003eMaybe I should change strategies, and splice *with* vocals so I can always try models in post ? \u003ctech-blabla\u003e\n\nI suppose I'll dabble with new tracks for now, until I can figure out why \"past me\" was better at their job ;)\nBreaking tracks helps noone.\n\n-diarykeeper ( \u003ca target=\"_blank\" href=\"https://www.youtube.com/@diarykeeper\"\u003edkpr yt\u003c/a\u003e )\n\n#ostripdkpr","tags":["ostripdkpr"],"views":0}],"Format":null}],"posts":[{"id":"qjkchi5twz","slug":null,"appearance":"","language":"","rtl":false,"created":"2023-01-25T12:42:18Z","updated":"2023-01-25T12:42:18Z","title":"","body":"Responsiveness of Audio files to Vocal isolation...\n\n\nAs of late it dawns upon me, that not every extraction model is suited for every song.\n\n(In the beginning, I utilized Spleeter, but that is barely relevant nowadays)\n\nThe \"goto\" suite imo is \"UVR5\" a.k.a. Ultimate Vocal Remover 5.\nhowever even that has it's demerits, as it will cause voice shadows in certain language dubs (german f.ex) or crackles in frequency overly heavy song sections.\n\nThere exist other methods, which are applicable depending on the each track.\nTo name a model with an example of where it worked well:\n\n* DemucsV3: \"Kaiba Mokuba Conv\" ( youtu.be/watch?v=BlYwpj1k7iI )\n =\u003e Was able to lift even german vocals away from the mixdown without harming the result\n       \"Reversal\" ( youtu.be/Gyyd1lSVLU0 )\n  =\u003e left the instruments unharmed where all other methods struggled (!)\n\n* DANNA Sept: \"KKJ Transformation 2\" \n=\u003e Could split the source track into many stems, allowing to reapply chanting in the beginning\n                          (Which UVR5 f.ex. would eradicate)\n\n* DNR: \"Sad Historie\" ( youtu.be/watch?v=UERPGzUwK-Q )  and \"Champion of Smiles\" ( youtu.be/watch?v=0GK4qyI58JM )\n =\u003e Excellent in removing Soundeffects post splice and even UVR5 usage.\n==\u003e Was able to remove \"Sad Historie's\" rain sfx and the keyboard typing in CoS almost perfectly\n\n* MDX-B: \"Consolation\" ( youtu.be/watch?v=DbF2pl9PkqQ )\n                   =\u003e Very rare, almost \"original quality\" display of vox removal (sfx remain for now)\n\nSo, as it seems, there is no \"magic bullet\" for getting rid of vocals before resplicing.\n(Some songs actually depnd on vox removal prior repiecing, as there is almost *nothing* to work with in the original state)\n\nI personally prefer to work with unaltered audio material, directly from the show in question, but in the end, sometimes one gotta do what one gotta do.\n\n- diarykeeper\n\nEdit:\n4.Oct.2022\nFor a ranking on models see:\nhttps://paperswithcode.com/sota/music-source-separation-on-musdb18 https://mvsep.com/quality_checker/leaderboard.php","tags":[],"views":0}]}