{"username":"alcea","has_pass":false,"email":"1\ufffds\ufffd\ufffd\u001b\ufffd\ufffdK\ufffd\ufffd\ufffd\ufffd\ufffd\u0007\u001bEEk/\u0004\r\ufffd\u001b\ufffd\ufffd\ufffd\ufffd\r#blW\ufffd\ufffd\ufffdC\ufffd\u000cL\ufffd\ufffd\ufffd \ufffd\u0006D\ufffdI","created":"2023-01-25T12:31:35Z","status":0,"collections":[{"alias":"alcea","title":"alcea","description":"","style_sheet":"","public":false,"views":128,"url":"https://blog.fedi.tech/alcea/","total_posts":12,"posts":[{"id":"4upf5hf5do","slug":"audioquality-across-series-formats","appearance":"norm","language":"de","rtl":false,"created":"2023-05-21T10:31:05Z","updated":"2023-05-21T10:31:05Z","title":"","body":"AudioQuality across series formats\n\nif you browse @repeekyraid_cero or @diarykeeper one thing might become glaringly obvious:\n\nThe audio quality of rips differs vastly.\nThis is mostly because many shows are only available as webrip.\n\nSome have DVD rips, and KKJ has a BD disk release (as of march 31th 2023) with an official ost release aswell.\n\nQuality wise I'd rate em as:\n\nrepeekyraid_cero\n•Yu-Gi-Oh! Season 0: VHS / Webrip (7/10)\n•Yu-Gi-Oh! S0 Movie : HQ DVD Rip (9/10)\n•ArtAttack (BigPicture): DVD Rip (8/10)\n•YGO 5DS: 1-24Ep HQ Rip (7.5/10)\n•YGO VRAINS: LQ Webrip (7.8/10)\n•YGO VRAINS Dub: LQ Webrip (6/10)\n•YGO DM Dub: LQ German Streamfiles (7/10)\n•YGO Arc-V: LQ WebRip (5.7/10)\n•Digimon Data Saver: LQ Webrip (5/10)\n•Aoi Bungaku: Webrip (6/10)\n•Transformers CyberTron: (9/10)\n•HunterXHunter: Webrip (6.7/10)\n\ndiarykeeper:\n•Ryuusei No Rockman: DatsSub Rip (7.5/10)\n•KamikazeKaitouJeanne: BD Disk (9.5/10)\n•Ajin: BD 5.1 Audio BD (10/10)\n•GanbareKickers: LQ German rip (6.5/10)\n•RockmanEXE: WolfPack rip (6.8/10)\n\n\nAfaik Digimon has a DVD release, and HunterXHunter has a BD disk release up until the early seasons.\n\nRyuuseiNoRockman \u0026 YGO S0 might be,stuck in LQ hell forever tho.\n\nIf I find better quality rips that'll improve the reconstruction by several magnitudes.\n\nWe'll see\n\n\n#ostripdkpr","tags":["ostripdkpr"],"views":0},{"id":"4zjm47muox","slug":"lead-overs","appearance":"norm","language":"de","rtl":false,"created":"2023-05-03T17:35:01Z","updated":"2023-05-04T14:57:18Z","title":"","body":"\nLead Overs\n\nObviously when reconstructing songs, it is vital to properly connect parts to make a seamless listening possible.\n\nA good way to avoid repetition during such is a lead over\n\n1)\n\u003ca target=\"_blank\" href=\"https://youtu.be/4guPuvJTNL8\"\u003eLead1\u003c/a\u003e\n\n\n2)\n\u003ca target=\"_blank\" href=\"https://youtu.be/593FILvp8TU\"\u003eLead2\u003c/a\u003e\n\n\n3)\n\u003ca target=\"_blank\" href=\"https://youtu.be/m2daThsOC94\"\u003eLead3\u003c/a\u003e\n\n\n(Yes I \u003c3 Nier)\n\nare good examples and the songs emselves can easily be listened ad nauseum as they never get boring.\n\nTherefore it makes sense to try and interrupt a song part with such musical devices.\n\n#ostripdkpr","tags":["ostripdkpr"],"views":1},{"id":"2tqu5t05sk","slug":"unresoundtracker","appearance":"norm","language":"de","rtl":false,"created":"2023-04-08T20:42:50Z","updated":"2023-04-15T11:44:46Z","title":"","body":"UnreSoundtracker\n\nThe page \u003ca target=\"_blank\" href=\"https://ry3yr.github.io/unresoundtracker\"\u003eUnreSoundtracker\u003c/a\u003e is now open -in tandem to this youtube channel - to mirror the reconstructions from this channel.\n\n- diarykeeper \n\n#ostripdkpr","tags":["ostripdkpr"],"views":4},{"id":"hkaehr69gx","slug":"audio-application-in-media","appearance":"norm","language":"en","rtl":false,"created":"2023-01-31T21:40:35Z","updated":"2023-01-31T22:30:57Z","title":"","body":"Audio application in media\n\n\nWhile I usually only \"reconstruct\" tracks and listen to em on end,\nit deserves highlighting the importance of #music in #combination *with* the respective scene it stems from.\n\n(I already made a \u003ca target=\"_blank\" href=\"https://www.youtube.com/watch?v=WxmG1ukErnE\u0026list=PLK4C8g4vpj7WnKK_1euwFjQKWYX6c1eg3\"\u003ePlaylist\u003c/a\u003e collecting some #instances where music and scene blend quite well.)\n\n\nOne such example can be found in \"Koe no Katachi\" [*1*] (spoiler!)\nHere the song \u003ca target=\"_blank\" href=\"https://m.youtube.com/watch?v=uRhKodgZaMs\"\u003e(FRC)\u003c/a\u003e is used to underscore a \u003ca target=\"_blank\" href=\"https://m.youtube.com/watch?v=LYFgeJYE-X0\u0026t=610s\"\u003ekey scene\u003c/a\u003e perfectly, by moving along the pace from \"unassuming/tame\" to \"#heartwrenching\" and \"shocking\"\n\nHowever it is not *only* the music here, that paints the picture the viewer shall percept,\nthe soundeffects, charactervoices and movement work in #conjunction to #amplify  the intented effect\n\n\nOftentimes these keyscenes cause one to remember a certain music piece especially well, and bind the memory to a track one would otherwise glance over.\n(Which is especially jarring, if it is \u003ca target=\"_blank\" href=\"https://m.youtube.com/watch?v=kBF0VQ-Ws5Y#TribeKing-RnR\"\u003eunreleased\u003c/a\u003e, or released in a state that \u003ca target=\"_blank\" href=\"https://m.youtube.com/watch?v=PrOidxCWPhI#ThatWhichFlowsWithinMomentum\"\u003e/differs/\u003c/a\u003e \u003ca target=\"_blank\" href=\"https://m.youtube.com/watch?v=OVYkaKoI8Pk\"\u003efom the version inshow\u003c/a\u003e....)\n\n\n\n\n\n\u003cbr\u003e\u003cbr\u003e[1] It is advised to watch the movie BEFORE clicking either of the links,\nas this spoiles a vital plot point !\n","tags":["conjunction","amplify","music","combination","instances","heartwrenching"],"views":9},{"id":"opg8kfnmtc","slug":"audio-ripper-list","appearance":"norm","language":"de","rtl":false,"created":"2023-01-28T15:49:47Z","updated":"2023-04-20T14:47:00Z","title":"","body":"Audio Ripper List\n\n\u003ca target=\"_blank\" href=\"https://pb.todon.de/@alcea/109771876567009831\"\u003eAlcea\u003c/a\u003e \u003ca target=\"_blank\" href=\"https://mobile.twitter.com/ryedai1/status/1619634075270266880\"\u003eryedai1\u003c/a\u003e\n\n\u003cdiv\u003e\u003cdiv\u003e= \u003cspan class=\"nn-marker\" style=\"background-color: #ffff00\"\u003eytrippers\u003c/span\u003e=\u003c/div\u003e\n---\u003cNew\u003e--\u003cbr\u003e\n* \u003ca target=\"_blank\" href=\"https://m.youtube.com/@ATRips\"\u003eNeo A.T. Rips\u003c/a\u003e (04/2023) \u003cbr\u003e\n* \u003ca target=\"_blank\" href=\"https://m.youtube.com/watch?v=18saLDHsuJQ\"\u003eNick Gostone\u003c/a\u003e (04/2023)\u003cbr\u003e\n\u003cbr\u003e\n\n\u003cdiv\u003e~~~~ApexLegends~~~~\u003c/div\u003e\u003cdiv\u003e\u003ca data-cke-saved-a target=\"_blank\" href=\"https://m.youtube.com/channel/UCAm21ffnu4MhhBm6n3vvjkw/search?query=apex\" a target=\"_blank\" href=\"https://m.youtube.com/channel/UCAm21ffnu4MhhBm6n3vvjkw/search?query=apex\"\u003eAESTHETIC WAVES\u003c/a\u003e\u0026nbsp;(chid) #restitches\u003c/div\u003e\u003cdiv\u003e~~~AoiBungaku~~~\u003c/div\u003e\u003cdiv\u003e\u003cspan style=\"font-size: 14pt\"\u003e*\u003c/span\u003e\u003ca data-cke-saved-a target=\"_blank\" href=\"https://m.youtube.com/watch?v=lyK3r5BMVVk\" a target=\"_blank\" href=\"https://m.youtube.com/watch?v=lyK3r5BMVVk\" style=\"font-size: 14pt\"\u003eVieux Chat\u003c/a\u003e\u003cspan style=\"font-size: 14pt\"\u003e\u0026nbsp;(\u003c/span\u003e\u003ca data-cke-saved-a target=\"_blank\" href=\"https://m.youtube.com/channel/UCSl_zU9EeGEHPvtVo5ZZbag\" a target=\"_blank\" href=\"https://m.youtube.com/channel/UCSl_zU9EeGEHPvtVo5ZZbag\" style=\"font-size: 14pt\"\u003echid\u003c/a\u003e\u003cspan style=\"font-size: 14pt\"\u003e) \u003cspan style=\"font-size: 8pt\"\u003e#restitches\u003c/span\u003e\u003c/span\u003e\u003c/div\u003e\u003cdiv\u003e~~~ArtAttack~~~\u003c/div\u003e\u003cdiv\u003e\u003ca data-cke-saved-a target=\"_blank\" href=\"https://www.youtube.com/watch?v=f0AGcF4QdaI\" a target=\"_blank\" href=\"https://www.youtube.com/watch?v=f0AGcF4QdaI\"\u003eSkateralex516\u003c/a\u003e\u0026nbsp;\u003cspan style=\"font-size: 8pt\"\u003e#recomposes from scratch\u003c/span\u003e\u003c/div\u003e\u003cdiv\u003e~~~BeyBlade~~~\u003c/div\u003e\u003cdiv\u003e\u003ca data-cke-saved-a target=\"_blank\" href=\"https://m.youtube.com/playlist?list=PLwLVO2_GxUBZR6tnuttGVAqOJKuP5HDr2\" a target=\"_blank\" href=\"https://m.youtube.com/playlist?list=PLwLVO2_GxUBZR6tnuttGVAqOJKuP5HDr2\"\u003eTaliTundie\u003c/a\u003e \u003ca data-cke-saved-a target=\"_blank\" href=\"https://worldbeyblade.org/Thread-BEYBLADE-Unreleased-Music-2001-2004\" a target=\"_blank\" href=\"https://worldbeyblade.org/Thread-BEYBLADE-Unreleased-Music-2001-2004\"\u003e1\u003c/a\u003e \u003ca data-cke-saved-a target=\"_blank\" href=\"https://www.reddit.com/r/Beyblade/comments/aefhl2/beyblade_dub_ost_restoration_project_21_songs/\" a target=\"_blank\" href=\"https://www.reddit.com/r/Beyblade/comments/aefhl2/beyblade_dub_ost_restoration_project_21_songs/\"\u003e2\u003c/a\u003e (Dub) \u003cspan style=\"font-size: 10pt\"\u003e#uses 5.1 BD Audio Streams\u003c/span\u003e\u003c/div\u003e\u003cdiv\u003e\u003cdiv\u003e~~Bleach~~\u003c/div\u003e\u003cdiv\u003e*\u0026nbsp;\u003ca data-cke-saved-a target=\"_blank\" href=\"https://m.youtube.com/user/barcasson\" a target=\"_blank\" href=\"https://m.youtube.com/user/barcasson\"\u003ebarcasson\u003c/a\u003e\u0026nbsp;*splices\u003c/div\u003e\u003cdiv\u003e\u003cspan style=\"font-size: 14pt\"\u003e~~DeathNote~~\u003c/span\u003e\u003c/div\u003e\u003cdiv\u003e*\u003ca data-cke-saved-a target=\"_blank\" href=\"https://m.youtube.com/watch?v=8WqsKv2jtVE\" a target=\"_blank\" href=\"https://m.youtube.com/watch?v=8WqsKv2jtVE\" style=\"font-size: 14pt\"\u003eNendow\u003c/a\u003e\u003cspan style=\"font-size: 14pt\"\u003e\u0026nbsp;(chid) (also does HxH)\u003c/span\u003e\u003c/div\u003e\u003cdiv\u003e~~DetectiveConan~~\u003c/div\u003e\u003cdiv\u003e*\u003ca data-cke-saved-a target=\"_blank\" href=\"https://m.youtube.com/channel/UCWzwVrNZKojEXALRyWbOcQQ/videos\" a target=\"_blank\" href=\"https://m.youtube.com/channel/UCWzwVrNZKojEXALRyWbOcQQ/videos\"\u003eLord M2A\u003c/a\u003e\u0026nbsp;\u003cspan style=\"font-size: 8pt\"\u003e#restitches via cues available\u003cspan style=\"color: #999999\"\u003e (simpler as DC is such a long running show)\u003c/span\u003e\u003c/span\u003e\u003c/div\u003e\u003c/div\u003e\u003cdiv\u003e~~~~Digimon~~~~\u003c/div\u003e\u003cdiv\u003e* \u003ca data-cke-saved-a target=\"_blank\" href=\"https://m.youtube.com/channel/UCESwFYd780nwX3ZV4gck7NQ\" a target=\"_blank\" href=\"https://m.youtube.com/channel/UCESwFYd780nwX3ZV4gck7NQ\"\u003eSeannyBravo\u003c/a\u003e\u0026nbsp;(DigiDataSquad) \u003cspan style=\"font-size: 10pt\"\u003e#utilizes center \u003ca data-cke-saved-a target=\"_blank\" href=\"https://m.youtube.com/watch?v=PkFxu_wJ4xs\" a target=\"_blank\" href=\"https://m.youtube.com/watch?v=PkFxu_wJ4xs\"\u003echannel extractio\u003c/a\u003en...\u003c/span\u003e\u003c/div\u003e\u003cdiv\u003e~~~~~Gantz~~~~~~\u003c/div\u003e\u003cdiv\u003e* \u003ca data-cke-saved-a target=\"_blank\" href=\"https://www.youtube.com/watch?v=MN9ukg4f94I\" a target=\"_blank\" href=\"https://www.youtube.com/watch?v=MN9ukg4f94I\"\u003eKazamy\u003c/a\u003e #stitches\u003c/div\u003e\u003cdiv\u003e~~~~JujutKasen~~~\u003c/div\u003e\u003cdiv\u003e* \u003ca data-cke-saved-a target=\"_blank\" href=\"https://m.youtube.com/channel/UC2jPlHb7lg5xBiZory6PUNg\" a target=\"_blank\" href=\"https://m.youtube.com/channel/UC2jPlHb7lg5xBiZory6PUNg\"\u003eLiaFiugeora\u003c/a\u003e\u003c/div\u003e\u003cdiv\u003e\u003cdiv\u003e~~Kamikaze Kaitou Jeanne~~~\u003c/div\u003e\u003cdiv\u003eâ€¢ \u003cs\u003e\u003ca data-cke-saved-a target=\"_blank\" href=\"https://www.youtube.com/channel/UCLf1IHQXvc4UyQvxmrm_AFA\"\u003eFleur Blanche\u003c/a\u003e\u003c/s\u003e (EX: Musashie)\u003cspan style=\"font-size: 8pt\"\u003e[\u003ca data-cke-saved-a target=\"_blank\" href=\"https://m.youtube.com/watch?v=2_dFEw_gL1c\" a target=\"_blank\" href=\"https://m.youtube.com/watch?v=2_dFEw_gL1c\"\u003estitched track\u003c/a\u003e]\u0026nbsp;\u003ca data-cke-saved-a target=\"_blank\" href=\"https://www.animexx.de/forum/thread_87755/0/\" a target=\"_blank\" href=\"https://www.animexx.de/forum/thread_87755/0/\"\u003eanimexx-kkj-bgm-post\u003c/a\u003e\u003c/span\u003e\u003c/div\u003e\u003cdiv\u003e* \u003ca data-cke-saved-a target=\"_blank\" href=\"https://www.youtube.com/user/SaphiraLynx/featured\" a target=\"_blank\" href=\"https://www.youtube.com/user/SaphiraLynx/featured\"\u003eSaphiraLynx\u003c/a\u003e (\u003ca data-cke-saved-a target=\"_blank\" href=\"https://www.youtube.com/user/SaphiraLynx\"\u003echid\u003c/a\u003e)\u0026nbsp;\u003ca data-cke-saved-a target=\"_blank\" href=\"https://saphiralynx.weebly.com/\" a target=\"_blank\" href=\"https://saphiralynx.weebly.com/\"\u003esaphiralynx.weebly.com\u003c/a\u003e\u003c/div\u003e\u003cdiv\u003eâ€¢ \u003cspan style=\"text-decoration-line: line-through;\"\u003e\u003ca data-cke-saved-a target=\"_blank\" href=\"https://m.youtube.com/channel/UCBNhmh6iILNgvXw56YikKWQ\" a target=\"_blank\" href=\"https://m.youtube.com/channel/UCBNhmh6iILNgvXw56YikKWQ\"\u003eMika Kiri\u003c/a\u003e (chid)\u003c/span\u003e\u003c/div\u003e\u003cdiv\u003e\u003cspan style=\"text-decoration-line: line-through;\"\u003eâ€¢ \"\u003c/span\u003e\u003cs\u003e\u003ca data-cke-saved-a target=\"_blank\" href=\"https://m.youtube.com/playlist?list=PLUV24zzpvIQVjyw12ZbmmD757Dm6J_yco\" a target=\"_blank\" href=\"https://m.youtube.com/playlist?list=PLUV24zzpvIQVjyw12ZbmmD757Dm6J_yco\"\u003ePrecureguy\u003c/a\u003e\"\u003c/s\u003e\u0026nbsp;(Ex: SonicTheHarineSumi)(wtf? ðŸ¤”)\u003c/div\u003e\u003c/div\u003e\u003cdiv\u003e~~~Kuzu no Honkai / Scums Wish~~\u003cbr\u003e*\u003ca data-cke-saved-a target=\"_blank\" href=\"https://www.youtube.com/watch?v=Pt5qt4fycuI\u0026amp;list=PLK4C8g4vpj7WT2nxqDJnBRrsNRxfHhXs-\"\u003ecalabria.psg\u003c/a\u003e \u003cspan style=\"font-size: 8pt ; color: #ffffff\"\u003e(chid)\u003c/span\u003e\u003c/div\u003e\u003cdiv\u003e~~~Naruto~~~\u003c/div\u003e\u003cdiv\u003e*\u0026nbsp;\u003ca data-cke-saved-a target=\"_blank\" href=\"https://m.youtube.com/@MoodyBeautifulAnimeandVGMusic\" a target=\"_blank\" href=\"https://m.youtube.com/@MoodyBeautifulAnimeandVGMusic\"\u003eMoodyBeautifulAnimeandVGMusic\u003c/a\u003e # comission recomposes\u003c/div\u003e\u003cdiv\u003e*\u0026nbsp;\u003ca data-cke-saved-a target=\"_blank\" href=\"https://m.youtube.com/watch?v=aJBanQDjlHM\u0026amp;list=PL261310A0C4835014\u0026amp;index=2\" a target=\"_blank\" href=\"https://m.youtube.com/watch?v=aJBanQDjlHM\u0026amp;list=PL261310A0C4835014\u0026amp;index=2\"\u003e94lolface\u003c/a\u003e\u003cspan style=\"font-size: 14pt\"\u003e\u003cspan style=\"font-size: 8pt\"\u003e (\u003ca data-cke-saved-a target=\"_blank\" href=\"https://www.youtube.com/channel/UCxK08OyAjJvKmk1GozKjkNA\" a target=\"_blank\" href=\"https://www.youtube.com/channel/UCxK08OyAjJvKmk1GozKjkNA\"\u003echid\u003c/a\u003e)\u003c/span\u003e \u003cspan style=\"font-size: 8pt\"\u003e#stitches tracks via cues\u0026nbsp; \u0026nbsp;\u003c/span\u003e\u003c/span\u003e\u003cspan style=\"font-size: 8pt\"\u003e#also uses MF links in their yt 'about' page\u003c/span\u003e\u003c/div\u003e\u003cdiv\u003e~~~OnePiece~~\u003c/div\u003e\u003cdiv\u003e\u003ca data-cke-saved-a target=\"_blank\" href=\"https://m.youtube.com/c/LunaKuartiX/about\" a target=\"_blank\" href=\"https://m.youtube.com/c/LunaKuartiX/about\"\u003em.youtube.com/c/LunaKuartiX/about\u003c/a\u003e\u003c/div\u003e\u003cdiv\u003e*\u003ca data-cke-saved-a target=\"_blank\" href=\"https://www.youtube.com/watch?v=EEyispEWjsA\"\u003eSanji G66\u003c/a\u003e (\u003ca data-cke-saved-a target=\"_blank\" href=\"https://www.youtube.com/channel/UC2PRj-2HhecV5aNkSLLDHgA\" a target=\"_blank\" href=\"https://www.youtube.com/channel/UC2PRj-2HhecV5aNkSLLDHgA\"\u003echid\u003c/a\u003e)\u003c=\u003e \u003ca target=\"_blank\" href=\"https://m.soundcloud.com/onepiecesoundtracks/one-piece-unreleased-ost-katakuris-theme-2019-february\"\u003eKarakuri\u003c/a\u003e\u003c/div\u003e\u003cdiv\u003e\u003cdiv\u003e~~~~Rockman Exe~~~~~~\u003c/div\u003e\u003cdiv\u003e*\u003ca data-cke-saved-a target=\"_blank\" href=\"https://www.youtube.com/watch?v=ZZ-dj5h4rZg\" a target=\"_blank\" href=\"https://www.youtube.com/watch?v=ZZ-dj5h4rZg\"\u003eRin Tron\u003c/a\u003e (\u003ca data-cke-saved-a target=\"_blank\" href=\"https://www.youtube.com/channel/UCLg9XpjRcTdTw2IKV1W_FUA\" a target=\"_blank\" href=\"https://www.youtube.com/channel/UCLg9XpjRcTdTw2IKV1W_FUA\"\u003echid\u003c/a\u003e)\u003c/div\u003e\u003cdiv\u003e\u003cspan style=\"font-size: 10pt\"\u003e*\u003ca data-cke-saved-a target=\"_blank\" href=\"https://m.youtube.com/watch?v=WxECi8N-jFU\" a target=\"_blank\" href=\"https://m.youtube.com/watch?v=WxECi8N-jFU\"\u003eãŸãã‚ãƒ¼ãƒãƒ£ãƒ³ãƒãƒ«\u003c/a\u003e (\u003ca data-cke-saved-a target=\"_blank\" href=\"https://www.youtube.com/channel/UCYhPZkOsvnNAAaJH2KWLmyA\"\u003echid\u003c/a\u003e) #remakes/recomposes songs\u003c/span\u003e\u003c/div\u003e\u003cdiv\u003e\u003cspan style=\"text-decoration-line: line-through; font-size: 10pt;\"\u003eâ€¢ \u003cspan style=\"color: #ccffcc\"\u003e\u003cstrong\u003e\u003ca data-cke-saved-a target=\"_blank\" href=\"https://twitter.com/LonNobady/status/996697927882952706\" a target=\"_blank\" href=\"https://twitter.com/LonNobady/status/996697927882952706\" style=\"color: #ccffcc\"\u003eLonNobady\u003c/a\u003e\u003c/strong\u003e\u003c/span\u003e @Twitter (\u003ca data-cke-saved-a target=\"_blank\" href=\"https://www.youtube.com/watch?v=Mlt7jV8g68s\u0026amp;list=PLxSkwZw3iHfLTwiPKDF3jSAjWGaIOIWJF\" a target=\"_blank\" href=\"https://www.youtube.com/watch?v=Mlt7jV8g68s\u0026amp;list=PLxSkwZw3iHfLTwiPKDF3jSAjWGaIOIWJF\"\u003eyt-mirror\u003c/a\u003e)\u003c/span\u003e\u003c/div\u003e\u003cdiv\u003e\u003cspan style=\"font-size: 10pt\"\u003e* \u003ca data-cke-saved-a target=\"_blank\" href=\"https://www.youtube.com/channel/UCSYaUTSrWz0eHkXriueAc3A\"\u003eLuke Jansen\u003c/a\u003e (\u003ca data-cke-saved-a target=\"_blank\" href=\"https://www.youtube.com/channel/UCSYaUTSrWz0eHkXriueAc3A\" a target=\"_blank\" href=\"https://www.youtube.com/channel/UCSYaUTSrWz0eHkXriueAc3A\"\u003echid\u003c/a\u003e) \u003cspan style=\"font-size: 8pt\"\u003e#recomposes from scratch (via FLStudio=\u003c/span\u003e\u003c/span\u003e\u003c/div\u003e\u003cdiv\u003e\u003cspan style=\"font-size: 10pt\"\u003eâ€¢ \u003ca data-cke-saved-a target=\"_blank\" href=\"https://m.youtube.com/watch?v=7DkgusFDuyQ\" a target=\"_blank\" href=\"https://m.youtube.com/watch?v=7DkgusFDuyQ\"\u003eMidniteWv4\u003c/a\u003e (chid)\u003c/span\u003e\u003c/div\u003e\u003cdiv\u003e\u003cspan style=\"text-decoration-line: line-through; font-size: 10pt;\"\u003e* \u003ca data-cke-saved-a target=\"_blank\" href=\"http://forum.rockmanpm.com/index.php?topic=2747.0\" a target=\"_blank\" href=\"http://forum.rockmanpm.com/index.php?topic=2747.0\"\u003eKharaxel\u003c/a\u003e\u0026nbsp;@rockmanpm\u003c/span\u003e\u003c/div\u003e\u003c/div\u003e\u003cdiv\u003e\u003cdiv\u003e\u003cdiv\u003e~~~Ryuusei no Rockman~~~\u003c/div\u003e\u003cdiv\u003e\u003cspan style=\"text-decoration-line: line-through;\"\u003eâ€¢ \u003cspan style=\"color: rgb(0, 255, 0);\"\u003e\u003cstrong\u003e\u003ca data-cke-saved-a target=\"_blank\" href=\"https://www.youtube.com/watch?v=NVsqSbgPkBo\" style=\"color: rgb(0, 255, 0);\"\u003emegacocorock\u003c/a\u003e (chid)\u003c/strong\u003e\u003c/span\u003e\u003c/span\u003e\u003c/div\u003eâ€¢ \u003cspan style=\"text-decoration-line: line-through;\"\u003e\u003ca data-cke-saved-a target=\"_blank\" href=\"https://www.youtube.com/channel/UCsGMutxYujHTJODzFc73MnA\"\u003ecrown-it-all\u003c/a\u003e (chid)\u003c/span\u003e\u003c/div\u003e\u003cdiv\u003e~~Slamdunk~~\u003c/div\u003e\u003cdiv\u003e\u003ca data-cke-saved-a target=\"_blank\" href=\"https://m.youtube.com/watch?v=LAq44YT6UlE\" a target=\"_blank\" href=\"https://m.youtube.com/watch?v=LAq44YT6UlE\" style=\"font-size: 14pt\"\u003eHIDEKI AUDIOMAN\u003c/a\u003e\u003cspan style=\"font-size: 14pt\"\u003e\u0026nbsp;(chid)\u003c/span\u003e\u003c/div\u003e\u003cdiv\u003e~~~Toriko~~~~\u003c/div\u003e\u003cdiv\u003e*\u003ca data-cke-saved-a target=\"_blank\" href=\"https://www.youtube.com/watch?v=d4iB8FHnfcU\"\u003eDream's Dream\u003c/a\u003e (chid)\u003c/div\u003e\u003c/div\u003e\u003cdiv\u003e~~~YGO~~~\u003c/div\u003e\u003cdiv\u003e\u003cspan style=\"font-size: 8pt\"\u003e*\u003ca data-cke-saved-a target=\"_blank\" href=\"https://m.youtube.com/channel/UCDOMwF3wS6Cdk9804tE57Tw/videos\" a target=\"_blank\" href=\"https://m.youtube.com/channel/UCDOMwF3wS6Cdk9804tE57Tw/videos\"\u003eKINOPII\u003c/a\u003e\u0026nbsp;(YGOS0)\u003c/span\u003e\u003c/div\u003e\u003cdiv\u003e\u003cdiv\u003e\u003cspan style=\"font-size: 8pt\"\u003eâ€¢ \u003cstrong\u003e\u003ca data-cke-saved-a target=\"_blank\" href=\"https://www.youtube.com/watch?v=xYPI0bfUx3Q\"\u003eKing Of Gets\u003c/a\u003e\u0026nbsp;\u003c/strong\u003e(Ygo S0) (stitches)\u003c/span\u003e\u003c/div\u003e\u003cdiv\u003e\u003cspan style=\"font-size: 8pt\"\u003e*\u003ca data-cke-saved-a target=\"_blank\" href=\"https://m.youtube.com/channel/UCWiJ5Dxp01WvEgellSgpoxQ\" a target=\"_blank\" href=\"https://m.youtube.com/channel/UCWiJ5Dxp01WvEgellSgpoxQ\"\u003eOnly Me\u003c/a\u003e\u0026nbsp;(YGOS0) (recomposes)\u003c/span\u003e\u003c/div\u003e\u003c/div\u003e\u003cdiv\u003e\u003cspan style=\"font-size: 8pt\"\u003e* \u003ca data-cke-saved-a target=\"_blank\" href=\"https://m.youtube.com/channel/UCRe9j0CEUVrbpzcy6gpM9LQ\" a target=\"_blank\" href=\"https://m.youtube.com/channel/UCRe9j0CEUVrbpzcy6gpM9LQ\"\u003eOrack\u003c/a\u003e\u003c/span\u003e\u003c/div\u003e\u003cdiv\u003e\u003cspan style=\"font-size: 8pt\"\u003e* \u003ca data-cke-saved-a target=\"_blank\" href=\"https://m.youtube.com/channel/UCDCC-fdPWVpiYMz1anqoYiA/videos \" a target=\"_blank\" href=\"https://m.youtube.com/channel/UCDCC-fdPWVpiYMz1anqoYiA/videos \"\u003eSchmirk\u003c/a\u003e (ygo us cues)\u0026nbsp;\u003c/span\u003e\u003c/div\u003e\u003cdiv\u003e\u003cspan style=\"font-size: 8pt\"\u003eâ€¢ \u003ca data-cke-saved-a target=\"_blank\" href=\"https://www.youtube.com/watch?v=I21tRmv32VQ\u0026amp;list=PL9rwquGMS450Aii9ypLrkhabrJWPVIdVa\u0026amp;index=3\" a target=\"_blank\" href=\"https://www.youtube.com/watch?v=I21tRmv32VQ\u0026amp;list=PL9rwquGMS450Aii9ypLrkhabrJWPVIdVa\u0026amp;index=3\"\u003eAce Kirifuda\u003c/a\u003e\u0026nbsp;(YGO GX. 5DS)\u003c/span\u003e\u003c/div\u003e\u003cdiv\u003e\u003cspan style=\"font-size: 8pt\"\u003eâ€¢ \u003ca data-cke-saved-a target=\"_blank\" href=\"https://www.youtube.com/watch?v=28K7434V8WU\"\u003eMigueru Kun\u003c/a\u003e\u0026nbsp;(Ygo 5DS)\u003c/span\u003e\u003c/div\u003e\u003cdiv\u003e\u003cspan style=\"font-size: 8pt\"\u003eâ€¢ \u003ca data-cke-saved-a target=\"_blank\" href=\"https://m.youtube.com/watch?v=BVdiQ_f-0p0\" a target=\"_blank\" href=\"https://m.youtube.com/watch?v=BVdiQ_f-0p0\"\u003ePhilosophical Doctor\u003c/a\u003e (5DS)\u003c/span\u003e\u003c/div\u003e\u003cdiv\u003e\u003cs\u003e\u003cspan style=\"font-size: 8pt\"\u003eâ€¢\u0026nbsp;\u003ca data-cke-saved-a target=\"_blank\" href=\"https://m.youtube.com/watch?v=aNmuww9_sAM\" a target=\"_blank\" href=\"https://m.youtube.com/watch?v=aNmuww9_sAM\"\u003eyugidmx5\u003c/a\u003e\u0026nbsp;(5DS) \u003c/span\u003e\u003c/s\u003e\u003cspan style=\"font-size: 8pt\"\u003eacc suspended\u003c/span\u003e\u003c/div\u003e\u003cdiv\u003e\u003cspan style=\"font-size: 8pt\"\u003eâ€¢\u0026nbsp;\u003ca data-cke-saved-a target=\"_blank\" href=\"https://m.youtube.com/playlist?list=PLb4mticUuCmSDC_fqMwgLcP8VpU2Dx8GY\" a target=\"_blank\" href=\"https://m.youtube.com/playlist?list=PLb4mticUuCmSDC_fqMwgLcP8VpU2Dx8GY\"\u003eMax Ramos\u003c/a\u003e\u0026nbsp;(5DS)\u003c/span\u003e\u003c/div\u003e\u003cdiv\u003e\u003cspan style=\"text-decoration-line: line-through; font-size: 8pt;\"\u003e* \u003ca data-cke-saved-a target=\"_blank\" href=\"https://www.youtube.com/channel/UCHbGbilR12aDVrXhfbltJew/videos\"\u003e\u003cspan class=\"style-scope ytd-c4-tabbed-header-renderer\" id=\"channel-title\"\u003eå³å½¥æ˜•\u003c/span\u003e\u003c/a\u003e(YGO VRAINS)\u003c/span\u003e\u003cspan style=\"font-size: 8pt\"\u003e #leaves in too many voices etc...\u003c/span\u003e\u003c/div\u003e\u003cdiv\u003e\u003cspan style=\"font-size: 8pt\"\u003e*\u0026nbsp;\u003cspan style=\"font-weight: bold\"\u003e\u003ca data-cke-saved-a target=\"_blank\" href=\"https://m.youtube.com/user/ThunderBolt1026\" a target=\"_blank\" href=\"https://m.youtube.com/user/ThunderBolt1026\"\u003eThunderBolt1026\u003c/a\u003e\u003c/span\u003e (YGO GX)\u003c/span\u003e\u003c/div\u003e\u003cdiv\u003e~~~YuYuHakusho~\u003c/div\u003e\u003cdiv\u003e* EpicBlarghman \u003ca data-cke-saved-a target=\"_blank\" href=\"https://m.youtube.com/playlist?list=PLF572548D67DADC71\" a target=\"_blank\" href=\"https://m.youtube.com/playlist?list=PLF572548D67DADC71\"\u003em.youtube.com/playlist?list=PLF572548D67DADC71\u003c/a\u003e\u003c/div\u003e\u003cdiv\u003e~~~~X~~~\u003c/div\u003e\u003cdiv\u003eâ€¢\u003ca data-cke-saved-a target=\"_blank\" href=\"https://m.youtube.com/user/HetemSenar/search?query=unreleased\" a target=\"_blank\" href=\"https://m.youtube.com/user/HetemSenar/search?query=unreleased\"\u003eHetemSena\u003c/a\u003er\u003c/div\u003e\u003cdiv\u003e~~~Movies~~~\u003c/div\u003e\u003cdiv\u003e~Kingsman~\u003c/div\u003e\u003cdiv\u003e*\u003ca data-cke-saved-a target=\"_blank\" href=\"https://m.youtube.com/watch?v=Fdib55p0aFM\" a target=\"_blank\" href=\"https://m.youtube.com/watch?v=Fdib55p0aFM\"\u003eSpider Dalek\u003c/a\u003e\u0026nbsp;#reconstructed\u003c/div\u003e\u003c/div\u003e\n      \u003cp\u003e \u003c/p\u003e\n\n#ostripdkpr","tags":["ffff00","restitches","recomposes","uses","utilizes","stitches","ffffff","also","remakes","ccffcc","leaves","reconstructed","ostripdkpr"],"views":208},{"id":"kzequwbv2l","slug":"tinnitus-and-stress","appearance":"norm","language":"en","rtl":false,"created":"2023-01-27T09:06:35Z","updated":"2023-01-27T09:06:35Z","title":"","body":"Tinnitus and stress\n\nUsually I never have tinnitus.\nThat is, aside 6 years ago...\n\nAnd From 11\\2022 till today.\n\nLast time (2016) it bothered me very much.\n\nThis time I barely perceive it.\n\nWhen dreaming (about a woman a man and piano music),\nthe tinnitus was gone..\n\nSo..\nIt seems tinnius n stress are #linterlinked !\n\n\n#Observation\nPeople with tinnitus do not perceive tinnitus in their dreams analogous to what is reported for many phantom limb perceptions\n(It is impossible for you to hear #tinnitus in your dreams since the thalamus goes into low gear.\nThe reason you hear it is because you are very stressed)\n\u003ca target=\"_blank\" href=\"https://www.tinnitustalk.com/threads/why-we-dont-hear-tinnitus-in-our-dreams-and-why-it-is-a-clue.5721/ \"\u003ey we dont hear tinnitus in our dreams\u003c/a\u003e\n\u003ca target=\"_blank\" href=\"https://www.ncbi.nlm.nih.gov/pmc/articles/PMC4109081/\"\u003egov art\u003c/a\u003e","tags":["tinnitus","linterlinked","Observation"],"views":8},{"id":"0eix2zs537","slug":"rss-feed-youtube-function","appearance":"norm","language":"en","rtl":false,"created":"2023-01-25T12:49:10Z","updated":"2023-01-25T17:29:39Z","title":"","body":"RSS Feed Youtube Function\n\nTurns out Youtube allows each channel their very atom/rss feed :)\n\nIf you want you can subscribe to this channel via RSS:\n\n\u003ca target=\"_blank\" href=\"https://www.youtube.com/feeds/videos.xml?channel_id=UCrltGih11A_Nayz6hG5XtIw\"\u003eRSS Feed\u003c/a\u003e\n\n- diarykeeper\n\n\n\u003ciframe src=\"https://www5.cbox.ws/box/?boxid=940795\u0026boxtag=aiEwKt\" width=\"100%\" height=\"450\" allowtransparency=\"yes\" allow=\"autoplay\" frameborder=\"0\" marginheight=\"0\" marginwidth=\"0\" scrolling=\"auto\"\u003e\u003c/iframe\u003e","tags":[],"views":12},{"id":"id02dk0mmm","slug":"creating-duplicate-work","appearance":"norm","language":"en","rtl":false,"created":"2023-01-25T12:47:38Z","updated":"2023-01-25T13:19:17Z","title":"","body":"Creating duplicate work\n\nSeems sometimes, when working on \"semi-released\" Soundtracks for shows that have not all themes released ( f.ex. \u003ca target=\"_blank\" href=\"https://www.youtube.com/playlist?list=PLK4C8g4vpj7Wb_ss7aKdb1WYk7mS5l5Fz\"\u003eVRAINS\u003c/a\u003e) one might mistakenly reconstruct a theme that alread exist.\n\nOr... recreate an ENTIRE soundtrack (\u003ca target=\"_blank\" href=\"https://m.youtube.com/watch?v=99K0Ql1ACRw\"\u003eclick\u003c/a\u003e), only for that one to magically surface months later on tumbler\n( \u003ca target=\"_blank\" href=\"https://m.youtube.com/playlist?list=PLB_N-GwquCBkhHQVgGrqnnC9omNdys4mh\"\u003eclick\u003c/a\u003e ).\n\nWhile it might seem annoying, it gives one insight into:\n* How good ones rip\\reconstruction was\n* What the tracks \"real name\" is (A question I actually get asked sometimes :p )\n* How the track has been arranged from parts (important question !)\n\nFascinating stuff !\n\n- diarykeeper\n\n#ostripdkpr","tags":["ostripdkpr"],"views":8},{"id":"se6agwqau9","slug":"channel-longevity-in-face-of-owner-absence","appearance":"norm","language":"en","rtl":false,"created":"2023-01-25T12:46:55Z","updated":"2023-01-25T13:20:59Z","title":"","body":"Channel longevity in face of owner absence\n\n\nWhile noone can predict the future of yt as platform,\none has to wonder how channels are handled if their owners are absent, right ?\n\nTechnically speaking yt has strict \u003ca target=\"_blank\" href=\"https://support.google.com/youtube/answer/2801981?hl=en\"\u003erules\u003c/a\u003e\n(Note the \"6 month\" condition atop)\n\nHowever as my old joke account (\u003ca target=\"_blank\" href=\"https://m.youtube.com/user/helloyousucker\"\u003eclick\u003c/a\u003e ) \n-for which I looong forgot mail \u0026 password that is pretty much as old as his one (2007)-  \nis still around,\nand I haven't logged in to it since who knows how long, I can hope that this channel here, aswell as \"repeekyraid cero\" will fare similarly.\n\nI personally believe YT might keep channels around as long as they keep people engaged, so lets hope that will be the case.\n\nI do mirror everything on Soundcloud (under \"ryedai1\" every so often) and mediafire (see channel FAQ) and did add a lil hint to my website for emergencies ( \u003ca target=\"_blank\" href=\"https://f.ls/diarykeeper\"\u003edkpr\u003c/a\u003e ) so I *know* things will be online even if half the internet were to go down,\nbut it would be reassuring to have this source here - that people are familiar with - stick around.\n\nI try extra hard to avoid claims, by utilizing mere thumnails (free use ?) or self drawn images with ffmpeg generated EQs atop.\nThe music itself should fall under \"rearrangement\" and be exempt of legal flaws.\n\n\nLets hope for the best:\n\n- diarykeeper\n\n#ostripdkpr\n\nPS:\nIt is kinda astounding that diarykeeper started as channel hosting \"Haruhi Suzumiya episodes\"...\nBut I'm glad this channel finally has a purpose.\n(They have obviously been long removed by me, to avoid complications)","tags":["ostripdkpr"],"views":7},{"id":"ct6mkjbu4e","slug":"requested-songs-and-requesting-songs","appearance":"norm","language":"en","rtl":false,"created":"2023-01-25T12:44:44Z","updated":"2023-01-25T13:25:03Z","title":"","body":"Requested songs and requestING songs\n\nSo far I've kept a list over here\n\u003ca target=\"_blank\" href=\"https://ry3yr.github.io/OSTR/All_Project_%28spoiler_button%29.html\"\u003eProjectOverview\u003c/a\u003e\n\nIf you want a song \"improved\" feel free to comment to its corresponding video on this channel.\nSame goes if you want one done that hasn't been done yet. ( an episode# would help !)\n\n\nHowever sometimes people want songs from shows that I have not worked on yet.\nIn that case I will need:\n•Episode XY where the song plays\n(preferably every episode it plays in)\n\n\nThe best case scenario is always when I can reconstruct a song STRAIGHT up from source material.\n•Every Living Being: \u003ca target=\"_blank\" href=\"https://m.youtube.com/watch?v=hfUfUqc-8JU\"\u003eclick\u003c/a\u003e\nand\n•Happy Theme 06: \u003ca target=\"_blank\" href=\"https://m.youtube.com/watch?v=zcgksGNE7YQ\"\u003eclick\u003c/a\u003e\nf.ex. were so serviceable, I consider em the best rips sofar\n\n\nOthers, such as \"Happy Theme 08 Guitar Slow (V3)\" required copious amounts of fixing.\nSomething to keep in mind.\n\nFor contacting me you can either:\n• Comment right here on the community tab\n• Comment on the latest video (or the one in question)\n• use twitter ( @Utsukushiotosuk \\ @ryedai1 (dormant))\n• use IG (if I have it active) ( @aoikurayami1 \\ @ryedai1 (dormant))\n• Mail: \u003ca target=\"_blank\" href=\"mailto:alceawisteria@proton.me\"\u003ealceawisteria@proton.me\u003c/a\u003e\n• Contactform: \u003ca target=\"_blank\" href=\"https://ry3yr.github.io/OSTR/Diarykeepers_Homepage/Contact.html\"\u003eclick\u003c/a\u003e\n• Comment page: \u003ca target=\"_blank\" href=\"https://ry3yr.github.io/OSTR/Diarykeepers_Homepage/Comments.html\"\u003eclick\u003c/a\u003e\n\n- diarykeeper\n\n#ostripdkpr\n\nPS:\nFor more answers, I wrote a \u003ca target=\"_blank\" href=\"https://pastebin.com/raw/m4aqGGe9\"\u003eFAQ\u003c/a\u003e some time ago.","tags":["ostripdkpr"],"views":7},{"id":"m5hgaeh74k","slug":"responsiveness-of-audio-files-to-vocal-isolation","appearance":"norm","language":"en","rtl":false,"created":"2023-01-25T12:44:09Z","updated":"2023-01-25T13:26:40Z","title":"","body":"Responsiveness of Audio files to Vocal isolation...\n\n\nAs of late it dawns upon me, that not every extraction model is suited for every song.\n\n(In the beginning, I utilized Spleeter, but that is barely relevant nowadays)\n\nThe \"goto\" suite imo is \"UVR5\" a.k.a. Ultimate Vocal Remover 5.\nhowever even that has it's demerits, as it will cause voice shadows in certain language dubs (german f.ex) or crackles in frequency overly heavy song sections.\n\nThere exist other methods, which are applicable depending on the each track.\nTo name a model with an example of where it worked well:\n\n* DemucsV3: \"Kaiba Mokuba Conv\" ( youtu.be/watch?v=BlYwpj1k7iI )\n =\u003e Was able to lift even german vocals away from the mixdown without harming the result\n       \"Reversal\" ( youtu.be/Gyyd1lSVLU0 )\n  =\u003e left the instruments unharmed where all other methods struggled (!)\n\n* DANNA Sept: \"KKJ Transformation 2\" \n=\u003e Could split the source track into many stems, allowing to reapply chanting in the beginning\n                          (Which UVR5 f.ex. would eradicate)\n\n* DNR: \"Sad Historie\" ( youtu.be/watch?v=UERPGzUwK-Q )  and \"Champion of Smiles\" ( youtu.be/watch?v=0GK4qyI58JM )\n =\u003e Excellent in removing Soundeffects post splice and even UVR5 usage.\n==\u003e Was able to remove \"Sad Historie's\" rain sfx and the keyboard typing in CoS almost perfectly\n\n* MDX-B: \"Consolation\" ( youtu.be/watch?v=DbF2pl9PkqQ )\n                   =\u003e Very rare, almost \"original quality\" display of vox removal (sfx remain for now)\n\nSo, as it seems, there is no \"magic bullet\" for getting rid of vocals before resplicing.\n(Some songs actually depnd on vox removal prior repiecing, as there is almost *nothing* to work with in the original state)\n\nI personally prefer to work with unaltered audio material, directly from the show in question, but in the end, sometimes one gotta do what one gotta do.\n\n- diarykeeper\n\n#ostripdkpr\n\nEdit:\n4.Oct.2022\nFor a ranking on models see:\npaperswithcode.com/sota/music-source-separation-on-musdb18 mvsep.com/quality_checker/leaderboard.php","tags":["ostripdkpr"],"views":7},{"id":"phbdq34vkj","slug":"if-it-aint-broken","appearance":"norm","language":"en","rtl":false,"created":"2023-01-25T12:36:18Z","updated":"2023-01-25T13:25:59Z","title":"","body":"If it ain't broken.. Don't try to fix it.\n\n\nNot sure why. But somehow later versions of tracks seem to get worse.\n(Here V3 of Jeannes \"slow guitar theme\" seems to work much better than V4... \u003ca target=\"_blank\" href=\"https://www.youtube.com/watch?v=GhhB4QM6a-Q\"\u003eclick\u003c/a\u003e )\n\n\u003ctech-blabla\u003eMaybe I should change strategies, and splice *with* vocals so I can always try models in post ? \u003ctech-blabla\u003e\n\nI suppose I'll dabble with new tracks for now, until I can figure out why \"past me\" was better at their job ;)\nBreaking tracks helps noone.\n\n-diarykeeper ( \u003ca target=\"_blank\" href=\"https://www.youtube.com/@diarykeeper\"\u003edkpr yt\u003c/a\u003e )\n\n#ostripdkpr","tags":["ostripdkpr"],"views":6}],"Format":null}],"posts":[{"id":"qjkchi5twz","slug":null,"appearance":"","language":"","rtl":false,"created":"2023-01-25T12:42:18Z","updated":"2023-01-25T12:42:18Z","title":"","body":"Responsiveness of Audio files to Vocal isolation...\n\n\nAs of late it dawns upon me, that not every extraction model is suited for every song.\n\n(In the beginning, I utilized Spleeter, but that is barely relevant nowadays)\n\nThe \"goto\" suite imo is \"UVR5\" a.k.a. Ultimate Vocal Remover 5.\nhowever even that has it's demerits, as it will cause voice shadows in certain language dubs (german f.ex) or crackles in frequency overly heavy song sections.\n\nThere exist other methods, which are applicable depending on the each track.\nTo name a model with an example of where it worked well:\n\n* DemucsV3: \"Kaiba Mokuba Conv\" ( youtu.be/watch?v=BlYwpj1k7iI )\n =\u003e Was able to lift even german vocals away from the mixdown without harming the result\n       \"Reversal\" ( youtu.be/Gyyd1lSVLU0 )\n  =\u003e left the instruments unharmed where all other methods struggled (!)\n\n* DANNA Sept: \"KKJ Transformation 2\" \n=\u003e Could split the source track into many stems, allowing to reapply chanting in the beginning\n                          (Which UVR5 f.ex. would eradicate)\n\n* DNR: \"Sad Historie\" ( youtu.be/watch?v=UERPGzUwK-Q )  and \"Champion of Smiles\" ( youtu.be/watch?v=0GK4qyI58JM )\n =\u003e Excellent in removing Soundeffects post splice and even UVR5 usage.\n==\u003e Was able to remove \"Sad Historie's\" rain sfx and the keyboard typing in CoS almost perfectly\n\n* MDX-B: \"Consolation\" ( youtu.be/watch?v=DbF2pl9PkqQ )\n                   =\u003e Very rare, almost \"original quality\" display of vox removal (sfx remain for now)\n\nSo, as it seems, there is no \"magic bullet\" for getting rid of vocals before resplicing.\n(Some songs actually depnd on vox removal prior repiecing, as there is almost *nothing* to work with in the original state)\n\nI personally prefer to work with unaltered audio material, directly from the show in question, but in the end, sometimes one gotta do what one gotta do.\n\n- diarykeeper\n\nEdit:\n4.Oct.2022\nFor a ranking on models see:\nhttps://paperswithcode.com/sota/music-source-separation-on-musdb18 https://mvsep.com/quality_checker/leaderboard.php","tags":[],"views":0}]}